#FILE,SEQUENCE,START,END,STRAND,GENE,COVERAGE,COVERAGE_MAP,GAPS,%COVERAGE,%IDENTITY,DATABASE,ACCESSION,PRODUCT,RESISTANCE
ERR3635344/contigs.fasta,NODE_25_length_49107_cov_22.374118,21032,21358,-,IncHI2_1,1-327/327,===============,0/0,100.00,100.00,plasmidfinder,BX664015,IncHI2_1__BX664015,
ERR3635344/contigs.fasta,NODE_25_length_49107_cov_22.374118,21976,22570,-,RepA_1_pKPC-CAV1321,2-596/596,========/======,2/2,99.66,80.37,plasmidfinder,CP011611,RepA_1_pKPC-CAV1321_CP011611,
ERR3635344/contigs.fasta,NODE_25_length_49107_cov_22.374118,36224,36853,+,IncHI2A_1,1-630/630,===============,0/0,100.00,100.00,plasmidfinder,BX664015,IncHI2A_1__BX664015,
ERR3635344/contigs.fasta,NODE_40_length_5427_cov_6.850093,4840,5041,+,Col8282_1,4-205/207,===============,0/0,97.58,89.60,plasmidfinder,DQ995352,Col8282_1__DQ995352,
ERR3635344/contigs.fasta,NODE_52_length_2166_cov_5.988511,1005,1237,-,Col(BS512)_1,1-233/233,===============,0/0,100.00,100.00,plasmidfinder,NC_010656,Col(BS512)_1__NC_010656,
ERR3635344/contigs.fasta,NODE_66_length_900_cov_1.486027,734,847,-,Col440I_1,1-114/114,===============,0/0,100.00,94.74,plasmidfinder,CP023920.1,Col440I_1__CP023920.1,
