#FILE,SEQUENCE,START,END,STRAND,GENE,COVERAGE,COVERAGE_MAP,GAPS,%COVERAGE,%IDENTITY,DATABASE,ACCESSION,PRODUCT,RESISTANCE
ERR9516356/contigs.fasta,NODE_10_length_152550_cov_60.268080,25551,25877,-,IncHI2_1,1-327/327,===============,0/0,100.00,100.00,plasmidfinder,BX664015,IncHI2_1__BX664015,
ERR9516356/contigs.fasta,NODE_10_length_152550_cov_60.268080,26495,27089,-,RepA_1_pKPC-CAV1321,2-596/596,========/======,2/2,99.66,80.37,plasmidfinder,CP011611,RepA_1_pKPC-CAV1321_CP011611,
ERR9516356/contigs.fasta,NODE_10_length_152550_cov_60.268080,40743,41372,+,IncHI2A_1,1-630/630,===============,0/0,100.00,100.00,plasmidfinder,BX664015,IncHI2A_1__BX664015,
ERR9516356/contigs.fasta,NODE_15_length_119396_cov_20.637317,101411,101827,+,IncA/C2_1,1-417/417,===============,0/0,100.00,100.00,plasmidfinder,JN157804,IncA/C2_1__JN157804,
ERR9516356/contigs.fasta,NODE_37_length_2932_cov_937.662697,1561,1691,+,ColRNAI_1,1-130/130,========/======,1/1,100.00,85.50,plasmidfinder,DQ298019,ColRNAI_1__DQ298019,
