#FILE,SEQUENCE,START,END,STRAND,GENE,COVERAGE,COVERAGE_MAP,GAPS,%COVERAGE,%IDENTITY,DATABASE,ACCESSION,PRODUCT,RESISTANCE
ERR9516338/contigs.fasta,NODE_13_length_118950_cov_20.463621,100967,101383,+,IncA/C2_1,1-417/417,===============,0/0,100.00,100.00,plasmidfinder,JN157804,IncA/C2_1__JN157804,
ERR9516338/contigs.fasta,NODE_24_length_50573_cov_27.782062,21760,22389,-,IncHI2A_1,1-630/630,===============,0/0,100.00,100.00,plasmidfinder,BX664015,IncHI2A_1__BX664015,
ERR9516338/contigs.fasta,NODE_24_length_50573_cov_27.782062,36043,36637,+,RepA_1_pKPC-CAV1321,2-596/596,========/======,2/2,99.66,80.37,plasmidfinder,CP011611,RepA_1_pKPC-CAV1321_CP011611,
ERR9516338/contigs.fasta,NODE_24_length_50573_cov_27.782062,37255,37581,+,IncHI2_1,1-327/327,===============,0/0,100.00,100.00,plasmidfinder,BX664015,IncHI2_1__BX664015,
ERR9516338/contigs.fasta,NODE_42_length_4176_cov_162.921688,654,860,+,Col8282_1,1-207/207,===============,0/0,100.00,100.00,plasmidfinder,DQ995352,Col8282_1__DQ995352,
ERR9516338/contigs.fasta,NODE_44_length_3334_cov_1161.035923,2637,2764,-,ColRNAI_1,1-128/130,===============,0/0,98.46,89.06,plasmidfinder,DQ298019,ColRNAI_1__DQ298019,
ERR9516338/contigs.fasta,NODE_47_length_2547_cov_96.433198,644,848,+,Col8282_1,1-205/207,===============,0/0,99.03,89.27,plasmidfinder,DQ995352,Col8282_1__DQ995352,
