#FILE,SEQUENCE,START,END,STRAND,GENE,COVERAGE,COVERAGE_MAP,GAPS,%COVERAGE,%IDENTITY,DATABASE,ACCESSION,PRODUCT,RESISTANCE
ERR9516287/contigs.fasta,NODE_13_length_120779_cov_18.755580,17571,17987,-,IncA/C2_1,1-417/417,===============,0/0,100.00,100.00,plasmidfinder,JN157804,IncA/C2_1__JN157804,
ERR9516287/contigs.fasta,NODE_25_length_58611_cov_20.537875,21759,22388,-,IncHI2A_1,1-630/630,===============,0/0,100.00,100.00,plasmidfinder,BX664015,IncHI2A_1__BX664015,
ERR9516287/contigs.fasta,NODE_25_length_58611_cov_20.537875,36042,36636,+,RepA_1_pKPC-CAV1321,2-596/596,========/======,2/2,99.66,80.37,plasmidfinder,CP011611,RepA_1_pKPC-CAV1321_CP011611,
ERR9516287/contigs.fasta,NODE_25_length_58611_cov_20.537875,37254,37580,+,IncHI2_1,1-327/327,===============,0/0,100.00,100.00,plasmidfinder,BX664015,IncHI2_1__BX664015,
ERR9516287/contigs.fasta,NODE_26_length_58307_cov_25.254628,16318,17056,+,IncL/M(pMU407)_1_pMU407,1-739/739,===============,0/0,100.00,99.05,plasmidfinder,U27345,IncL/M(pMU407)_1_pMU407_U27345,
