#FILE,SEQUENCE,START,END,STRAND,GENE,COVERAGE,COVERAGE_MAP,GAPS,%COVERAGE,%IDENTITY,DATABASE,ACCESSION,PRODUCT,RESISTANCE
ERR9516191/contigs.fasta,NODE_14_length_119397_cov_37.388502,17571,17987,-,IncA/C2_1,1-417/417,===============,0/0,100.00,100.00,plasmidfinder,JN157804,IncA/C2_1__JN157804,
ERR9516191/contigs.fasta,NODE_22_length_58388_cov_24.266228,21536,22165,-,IncHI2A_1,1-630/630,===============,0/0,100.00,100.00,plasmidfinder,BX664015,IncHI2A_1__BX664015,
ERR9516191/contigs.fasta,NODE_22_length_58388_cov_24.266228,35819,36413,+,RepA_1_pKPC-CAV1321,2-596/596,========/======,2/2,99.66,80.37,plasmidfinder,CP011611,RepA_1_pKPC-CAV1321_CP011611,
ERR9516191/contigs.fasta,NODE_22_length_58388_cov_24.266228,37031,37357,+,IncHI2_1,1-327/327,===============,0/0,100.00,100.00,plasmidfinder,BX664015,IncHI2_1__BX664015,
