#FILE,SEQUENCE,START,END,STRAND,GENE,COVERAGE,COVERAGE_MAP,GAPS,%COVERAGE,%IDENTITY,DATABASE,ACCESSION,PRODUCT,RESISTANCE
ERR9516189/contigs.fasta,NODE_12_length_119397_cov_34.382275,101411,101827,+,IncA/C2_1,1-417/417,===============,0/0,100.00,100.00,plasmidfinder,JN157804,IncA/C2_1__JN157804,
ERR9516189/contigs.fasta,NODE_21_length_53519_cov_42.990251,25550,25876,-,IncHI2_1,1-327/327,===============,0/0,100.00,100.00,plasmidfinder,BX664015,IncHI2_1__BX664015,
ERR9516189/contigs.fasta,NODE_21_length_53519_cov_42.990251,26494,27088,-,RepA_1_pKPC-CAV1321,2-596/596,========/======,2/2,99.66,80.37,plasmidfinder,CP011611,RepA_1_pKPC-CAV1321_CP011611,
ERR9516189/contigs.fasta,NODE_21_length_53519_cov_42.990251,40742,41371,+,IncHI2A_1,1-630/630,===============,0/0,100.00,100.00,plasmidfinder,BX664015,IncHI2A_1__BX664015,
