#FILE,SEQUENCE,START,END,STRAND,GENE,COVERAGE,COVERAGE_MAP,GAPS,%COVERAGE,%IDENTITY,DATABASE,ACCESSION,PRODUCT,RESISTANCE
ERR9516354/contigs.fasta,NODE_13_length_136260_cov_30.327361,94889,95518,-,IncHI2A_1,1-630/630,===============,0/0,100.00,100.00,plasmidfinder,BX664015,IncHI2A_1__BX664015,
ERR9516354/contigs.fasta,NODE_13_length_136260_cov_30.327361,109172,109766,+,RepA_1_pKPC-CAV1321,2-596/596,========/======,2/2,99.66,80.37,plasmidfinder,CP011611,RepA_1_pKPC-CAV1321_CP011611,
ERR9516354/contigs.fasta,NODE_13_length_136260_cov_30.327361,110384,110710,+,IncHI2_1,1-327/327,===============,0/0,100.00,100.00,plasmidfinder,BX664015,IncHI2_1__BX664015,
ERR9516354/contigs.fasta,NODE_16_length_119397_cov_23.695223,101411,101827,+,IncA/C2_1,1-417/417,===============,0/0,100.00,100.00,plasmidfinder,JN157804,IncA/C2_1__JN157804,
