#FILE,SEQUENCE,START,END,STRAND,GENE,COVERAGE,COVERAGE_MAP,GAPS,%COVERAGE,%IDENTITY,DATABASE,ACCESSION,PRODUCT,RESISTANCE
ERR9516226/contigs.fasta,NODE_11_length_161984_cov_7.838555,9643,9969,-,IncHI2_1,1-327/327,===============,0/0,100.00,99.08,plasmidfinder,BX664015,IncHI2_1__BX664015,
ERR9516226/contigs.fasta,NODE_11_length_161984_cov_7.838555,10588,11182,-,RepA_1_pKPC-CAV1321,2-596/596,========/======,2/2,99.66,80.20,plasmidfinder,CP011611,RepA_1_pKPC-CAV1321_CP011611,
ERR9516226/contigs.fasta,NODE_11_length_161984_cov_7.838555,24837,25466,+,IncHI2A_1,1-630/630,===============,0/0,100.00,99.84,plasmidfinder,BX664015,IncHI2A_1__BX664015,
ERR9516226/contigs.fasta,NODE_34_length_8384_cov_134.661009,3659,4454,-,IncQ1_1,1-796/796,===============,0/0,100.00,100.00,plasmidfinder,M28829.1,IncQ1_1__M28829.1,
ERR9516226/contigs.fasta,NODE_40_length_2345_cov_666.116402,852,1044,+,ColpVC_1,1-193/193,===============,0/0,100.00,83.42,plasmidfinder,JX133088,ColpVC_1__JX133088,
